"No_Companies","GVA","Turnover","Employees","GVA_job","InnovateFunding","DealroomFunding"
22501,55706800680.74097,437597911323,687567,81020.17793282832,1420637956,22528009830.373
