"No_Companies","GVA","Turnover","Employees","GVA_job","InnovateFunding","DealroomFunding"
23247,56247682807.44388,360687347998,701949,80130.72574708972,1292400817,21052490000
